Food Product,Main Ingredient,Sweetener,Fat/Oil,Seasoning,Allergens,Prediction
Almond Cookies,Almonds,Sugar,Butter,Flour,"Almonds, Wheat, Dairy",Contains
Almond Cookies,Almonds,Sugar,Butter,Flour,"Almonds, Wheat, Dairy",Contains
Chicken Noodle Soup,Chicken broth,None,None,Salt,"Chicken, Wheat, Celery",Contains
Chicken Noodle Soup,Chicken broth,None,None,Salt,"Chicken, Wheat, Celery",Contains
Cheddar Cheese,Cheese,None,None,Salt,Dairy,Contains
Ranch Dressing,Buttermilk,Sugar,Vegetable oil,"Garlic, herbs",Dairy,Contains
Caramel Popcorn,Popcorn,Sugar,Butter,Salt,Dairy,Contains
Caesar Salad,Romaine lettuce,None,Olive oil,Parmesan cheese,Dairy,Contains
Caesar Wrap,Grilled chicken,None,Caesar dressing,"Lettuce, Parmesan cheese",Dairy,Contains
Strawberry Smoothie,Strawberries,Honey,"Yogurt (milk, cultures)",None,Dairy,Contains
Cheese Pizza,Cheese,None,None,Tomato sauce,Dairy,Contains
Margherita Pizza,Cheese,None,None,"Tomato sauce, basil",Dairy,Contains
Mashed Potatoes,Potatoes,None,Butter,"Salt, Pepper",Dairy,Contains
Greek Yogurt,"Yogurt (milk, cultures)",None,None,None,Dairy,Contains
Caesar Salad Wrap,Grilled chicken,None,Caesar dressing,"Lettuce, Parmesan cheese",Dairy,Contains
Caprese Salad,Tomatoes,None,Olive oil,"Mozzarella cheese, basil",Dairy,Contains
Berry Smoothie,Mixed berries,Sugar,"Yogurt (milk, cultures)",None,Dairy,Contains
Caesar Salad,Romaine lettuce,None,Olive oil,Caesar dressing,Dairy,Contains
Berry Parfait,Mixed berries,Sugar,"Yogurt (milk, cultures)",Granola,Dairy,Contains
Chicken Alfredo,Chicken,None,Butter,"Cream, Parmesan cheese",Dairy,Contains
Pesto Pizza,Pesto sauce,None,None,"Mozzarella cheese, basil",Dairy,Contains
Beef Stroganoff,Beef,None,Sour cream,"Mushroom, onion",Dairy,Contains
Banana Smoothie,Bananas,Honey,"Yogurt (milk, cultures)",None,Dairy,Contains
Watermelon Salad,Watermelon,None,None,"Feta cheese, mint",Dairy,Contains
Chicken Parmesan,Chicken,None,"Bread crumbs, Parmesan cheese",Marinara sauce,Dairy,Contains
Mango Lassi,Mango,Sugar,"Yogurt (milk, cultures)",Cardamom,Dairy,Contains
Greek Salad,Cucumbers,None,Olive oil,"Feta cheese, olives",Dairy,Contains
Butternut Squash Soup,Butternut squash,None,Butter,Vegetable broth,Dairy,Contains
Margherita Pasta,Pasta,None,Olive oil,"Fresh tomatoes, mozzarella",Dairy,Contains
Greek Gyro Wrap,Lamb,None,None,"Tzatziki sauce, tomatoes, onions",Dairy,Contains
Spinach and Feta Stuffed Chicken,Chicken,None,Olive oil,"Spinach, feta cheese",Dairy,Contains
Chicken Fettuccine Alfredo,Chicken,None,Butter,"Cream, Parmesan cheese",Dairy,Contains
Caprese Sandwich,Tomatoes,None,Olive oil,"Mozzarella cheese, basil",Dairy,Contains
Mushroom Risotto,Mushrooms,None,Butter,"Arborio rice, Parmesan cheese",Dairy,Contains
Greek Yogurt Parfait,Greek yogurt,Honey,None,"Granola, mixed berries",Dairy,Contains
Eggplant Parmesan,Eggplant,None,Olive oil,"Marinara sauce, cheese",Dairy,Contains
Banana Pudding,Bananas,Sugar,Milk,"Vanilla pudding mix, cookies",Dairy,Contains
Margherita Pizza,Pizza dough,None,Olive oil,"Mozzarella cheese, tomatoes, basil",Dairy,Contains
Chicken Caesar Wrap,Chicken,None,Caesar dressing,"Romaine lettuce, Parmesan cheese",Dairy,Contains
Greek Spanakopita,Spinach,None,Olive oil,"Feta cheese, phyllo dough",Dairy,Contains
Mushroom Soup,Mushrooms,None,Butter,Vegetable broth,Dairy,Contains
Greek Yogurt,"Yogurt (milk, cultures)",Honey,None,None,Dairy,Contains
Spinach Artichoke Dip,Spinach,None,"Cream cheese, sour cream","Parmesan cheese, garlic",Dairy,Contains
Chocolate Mousse,Chocolate,Sugar,Heavy cream,Vanilla extract,Dairy,Contains
Stuffed Portobello Mushrooms,Portobello mushrooms,None,None,"Cheese, breadcrumbs",Dairy,Contains
Caprese Salad,Tomatoes,None,Olive oil,"Mozzarella cheese, basil",Dairy,Contains
Tandoori Chicken,Chicken,None,Yogurt,Tandoori spices,Dairy,Contains
Beef Stroganoff,Beef,None,Sour cream,"Mushrooms, onions",Dairy,Contains
Strawberry Smoothie,Strawberries,Sugar,Yogurt,Milk,Dairy,Contains
Baked Garlic Parmesan Chicken,Chicken,None,Butter,"Parmesan cheese, garlic",Dairy,Contains
Mushroom and Goat Cheese Flatbread,Mushrooms,None,Olive oil,"Goat cheese, herbs",Dairy,Contains
Margherita Pasta,Pasta,None,Olive oil,"Mozzarella cheese, tomatoes, basil",Dairy,Contains
Pumpkin Soup,Pumpkin,None,Butter,"Nutmeg, cream",Dairy,Contains
Butternut Squash Soup,Butternut squash,None,Butter,"Nutmeg, cream",Dairy,Contains
Caprese Skewers,Tomatoes,None,Olive oil,"Mozzarella cheese, basil",Dairy,Contains
Chicken Piccata,Chicken,None,Butter,"Lemon, capers",Dairy,Contains
Berry Parfait,Berries,Honey,Yogurt,Granola,Dairy,Contains
Stuffed Mushrooms,Mushrooms,None,None,"Cheese, breadcrumbs",Dairy,Contains
Spinach Artichoke Dip,Spinach,None,"Cream cheese, sour cream","Parmesan cheese, garlic",Dairy,Contains
Chocolate Mousse,Chocolate,Sugar,Heavy cream,Vanilla extract,Dairy,Contains
Stuffed Portobello Mushrooms,Portobello mushrooms,None,None,"Cheese, breadcrumbs",Dairy,Contains
Caprese Salad,Tomatoes,None,Olive oil,"Mozzarella cheese, basil",Dairy,Contains
Tandoori Chicken,Chicken,None,Yogurt,Tandoori spices,Dairy,Contains
Beef Stroganoff,Beef,None,Sour cream,"Mushrooms, onions",Dairy,Contains
Strawberry Smoothie,Strawberries,Sugar,Yogurt,Milk,Dairy,Contains
Baked Garlic Parmesan Chicken,Chicken,None,Butter,"Parmesan cheese, garlic",Dairy,Contains
Butter Chicken,Chicken,Sugar,Butter,"Tomato sauce, cream",Dairy,Contains
Palak Paneer,Spinach,None,Ghee,"Paneer, spices",Dairy,Contains
Tandoori Chicken,Chicken,None,Yogurt,Tandoori spices,Dairy,Contains
Rogan Josh,Lamb,None,Ghee,"Yogurt, Kashmiri red chili",Dairy,Contains
Paneer Tikka,Paneer,None,Oil,"Tikka masala, spices",Dairy,Contains
Dal Makhani,Lentils,None,Ghee,"Cream, spices",Dairy,Contains
Malai Kofta,Cottage cheese,None,Ghee,Creamy tomato sauce,Dairy,Contains
Chicken Tikka Masala,Chicken,Sugar,Ghee,"Tomato sauce, cream",Dairy,Contains
Gulab Jamun,Milk solids,Sugar,Ghee,Cardamom syrup,Dairy,Contains
Chicken Korma,Chicken,None,Ghee,"Creamy sauce, spices",Dairy,Contains
Malai Chicken Tikka,Chicken,None,Cream,Spices,Dairy,Contains
Dahi Vada,Lentil dumplings,None,Yogurt,"Tamarind chutney, spices",Dairy,Contains
Chicken Malai Tikka,Chicken,None,Cream,Spices,Dairy,Contains
Matar Paneer,Paneer,None,Ghee,"Peas, spices",Dairy,Contains
Rasgulla,Paneer,Sugar,None,"Rose water, syrup",Dairy,Contains
Rabri,Milk,Sugar,Ghee,"Cardamom, nuts",Dairy,Contains
Chicken Korma,Chicken,None,Ghee,"Creamy sauce, spices",Dairy,Contains
Gulab Jamun,Milk solids,Sugar,Ghee,Cardamom syrup,Dairy,Contains
Rogan Josh,Lamb,None,Ghee,"Yogurt, Kashmiri red chili",Dairy,Contains
Kheer,Rice,Sugar,Ghee,"Cardamom, nuts",Dairy,Contains
Rasmalai,Paneer,Sugar,"Milk, Ghee","Cardamom, nuts",Dairy,Contains
Chicken Caesar Salad,Chicken breast,None,Olive oil,Parmesan cheese,"Dairy, Anchovies",Contains
Chocolate Mousse,Chocolate,Sugar,Heavy cream,Vanilla extract,"Dairy, Cocoa",Contains
Quiche Lorraine,Bacon,None,Heavy cream,"Cheese, eggs","Dairy, Eggs",Contains
Chicken Piccata,Chicken,None,Butter,"Lemon, capers","Dairy, Fish",Contains
Chicken Tikka Masala,Chicken,None,Ghee,Tikka masala sauce,"Dairy, Ghee",Contains
Sweet Potato Casserole,Sweet potatoes,Brown sugar,Butter,"Cinnamon, nutmeg","Dairy, Nuts",Contains
Baked Brie,Brie cheese,None,None,"Herbs, nuts","Dairy, Nuts",Contains
French Onion Soup,Onions,None,Butter,"Beef broth, cheese, bread","Dairy, Wheat",Contains
Greek Gyro,Lamb/Chicken,None,None,"Tzatziki sauce, vegetables","Dairy, Wheat",Contains
French Onion Soup,Onions,None,Butter,"Beef broth, cheese, bread","Dairy, Wheat",Contains
Omelette,Eggs,None,Butter,"Salt, pepper",Eggs,Contains
Egg Salad,Eggs,Mayonnaise,None,"Celery, onion",Eggs,Contains
Egg Salad,Eggs,Mayonnaise,None,"Celery, onion",Eggs,Contains
Quiche,Eggs,None,Cheese,Vegetables,"Eggs, Dairy",Contains
Egg Salad Sandwich,Eggs,Mayonnaise,None,"Celery, mustard","Eggs, Mustard",Contains
Egg Fried Rice,Eggs,None,Sesame oil,Soy sauce,"Eggs, Soybeans",Contains
Fish Sticks,Fish fillets,None,Vegetable oil,Salt,Fish,Contains
Fish Sticks,Fish fillets,None,Vegetable oil,Salt,Fish,Contains
Baked Salmon,Salmon fillet,None,Olive oil,"Lemon, herbs",Fish,Contains
Teriyaki Salmon,Salmon,None,Vegetable oil,Teriyaki sauce,Fish,Contains
Baked Salmon,Salmon,None,Olive oil,"Lemon, herbs",Fish,Contains
Lemon Dill Salmon,Salmon,None,Olive oil,"Lemon, dill",Fish,Contains
Baked Salmon,Salmon,None,Olive oil,"Lemon, herbs",Fish,Contains
Malabar Fish Curry,Fish,None,Coconut oil,"Tamarind, spices","Fish, Coconut",Contains
Baked Cod,Cod,None,Butter,"Lemon, herbs","Fish, Dairy",Contains
Baked Cod,Cod,None,Butter,"Lemon, herbs","Fish, Dairy",Contains
Tuna Sandwich,Tuna,Mayonnaise,None,"Salt, Pepper","Fish, Eggs",Contains
Tuna Salad,Tuna,Mayonnaise,None,"Celery, onion","Fish, Eggs",Contains
Sushi,"Fish (salmon, tuna)",Rice vinegar,Sesame oil,Soy sauce,"Fish, Soybeans",Contains
Teriyaki Salmon,Salmon fillet,Sugar,Soy sauce,"Ginger, garlic","Fish, Soybeans",Contains
Sushi Bowl,Sushi rice,None,Soy sauce,"Raw fish, vegetables","Fish, Soybeans",Contains
Honey Soy Glazed Salmon,Salmon,Honey,Soy sauce,"Garlic, ginger","Fish, Soybeans",Contains
Sushi Bowl,Sushi rice,None,Soy sauce,"Raw fish, vegetables","Fish, Soybeans",Contains
Honey Soy Glazed Salmon,Salmon,Honey,Soy sauce,"Garlic, ginger","Fish, Soybeans",Contains
Milk Chocolate,Sugar,Cocoa butter,Milk powder,Vanilla extract,Milk,Contains
Milk Chocolate,Sugar,Cocoa butter,Milk powder,Vanilla extract,Milk,Contains
Vanilla Ice Cream,Milk,Sugar,Cream,Vanilla extract,Milk,Contains
Vanilla Yogurt,"Yogurt (milk, cultures)",Sugar,None,Vanilla extract,Milk,Contains
Strawberry Yogurt,"Yogurt (milk, cultures)",Sugar,None,Pectin,"Milk, Strawberries",Contains
Strawberry Yogurt,"Yogurt (milk, cultures)",Sugar,None,Pectin,"Milk, Strawberries",Contains
Tomato Soup,Tomatoes,None,None,"Salt, Sugar",None,Does not contain
Apple,Apples,None,None,None,None,Does not contain
Tomato Soup,Tomatoes,None,None,"Salt, Sugar",None,Does not contain
Apple,Apples,None,None,None,None,Does not contain
Orange Juice,Oranges,Sugar,None,None,None,Does not contain
Greek Salad,Cucumber,None,Olive oil,Lemon juice,None,Does not contain
Spaghetti Bolognese,Ground beef,Sugar,Olive oil,Tomato sauce,None,Contains
Honey Mustard Chicken,Chicken breast,Honey,Mustard,Vegetable oil,None,Contains
BBQ Ribs,Pork ribs,Brown sugar,Vegetable oil,BBQ sauce,None,Contains
Quinoa Salad,Quinoa,None,Olive oil,"Lemon juice, herbs",None,Does not contain
Vegetable Stir-Fry,Mixed vegetables,None,Vegetable oil,Soy sauce,None,Does not contain
Beef Burger,Ground beef,None,Vegetable oil,"Salt, Pepper",None,Does not contain
French Fries,Potatoes,None,Vegetable oil,Salt,None,Does not contain
Lemonade,Lemon juice,Sugar,Water,None,None,Does not contain
Gazpacho,Tomatoes,None,Olive oil,"Garlic, herbs",None,Does not contain
Beef Tacos,Ground beef,None,Vegetable oil,Taco seasoning,None,Does not contain
Lentil Soup,Lentils,None,Olive oil,Vegetables,None,Does not contain
Chicken Curry,Chicken,None,Vegetable oil,Curry powder,None,Does not contain
Ratatouille,Eggplant,None,Olive oil,Tomatoes,None,Does not contain
Pesto Pasta,Pasta,None,Olive oil,"Basil, garlic",None,Does not contain
Chicken Stir-Fry,Chicken,None,Vegetable oil,Soy sauce,None,Does not contain
Veggie Burger,Mixed vegetables,None,Vegetable oil,Seasonings,None,Does not contain
Vegetable Soup,Mixed vegetables,None,Olive oil,Seasonings,None,Does not contain
Spinach Salad,Spinach,None,Olive oil,Balsamic vinegar,None,Does not contain
Chicken Enchiladas,Chicken,None,Vegetable oil,Enchilada sauce,None,Does not contain
Minestrone Soup,Vegetables,None,Olive oil,Tomato broth,None,Does not contain
Salsa,Tomatoes,None,None,"Onion, cilantro",None,Does not contain
Lemon Garlic Chicken,Chicken,None,Olive oil,"Lemon juice, garlic",None,Does not contain
Pancetta Pasta,Pasta,None,Pancetta,"Garlic, herbs",None,Does not contain
Chicken Teriyaki,Chicken,None,Vegetable oil,Teriyaki sauce,None,Does not contain
Spinach Stuffed Chicken,Chicken,None,Olive oil,"Spinach, garlic",None,Does not contain
Coconut Curry,Chicken,None,Coconut milk,Curry paste,None,Does not contain
Apple Cider,Apples,Sugar,None,Cinnamon,None,Does not contain
Ratatouille,Eggplant,None,Olive oil,"Tomatoes, zucchini",None,Does not contain
Avocado Toast,Avocado,None,Olive oil,"Salt, pepper",None,Does not contain
Beef Stir-Fry,Beef,None,Vegetable oil,Soy sauce,None,Does not contain
Black Bean Soup,Black beans,None,Olive oil,Vegetables,None,Does not contain
Beef Tacos,Ground beef,None,Vegetable oil,Taco seasoning,None,Does not contain
Cucumber Salad,Cucumber,None,Olive oil,"Lemon juice, dill",None,Does not contain
Fruit Salad,Mixed fruits,Sugar,None,Lemon juice,None,Does not contain
Sausage Pizza,Sausage,None,None,Mozzarella cheese,None,Does not contain
Chicken Fajitas,Chicken,None,Vegetable oil,Fajita seasoning,None,Does not contain
Mango Salsa,Mango,None,None,"Red onion, lime",None,Does not contain
Lentil Curry,Lentils,None,Coconut milk,Curry powder,None,Does not contain
Green Smoothie,Spinach,Honey,Avocado,Almond milk,None,Does not contain
Stuffed Bell Peppers,Bell peppers,None,Olive oil,"Ground meat, rice",None,Does not contain
Beef and Broccoli,Beef,None,Vegetable oil,Soy sauce,None,Does not contain
Cabbage Rolls,Cabbage,None,Olive oil,"Ground meat, rice",None,Does not contain
Caramel Apple,Apples,Caramel,None,None,None,Does not contain
Sweet Potato Fries,Sweet potatoes,None,Vegetable oil,"Salt, paprika",None,Does not contain
Beef Chili,Ground beef,None,None,Chili powder,None,Does not contain
Pesto Chicken,Chicken,None,Pesto sauce,None,None,Does not contain
Beef Burritos,Ground beef,None,Vegetable oil,Taco seasoning,None,Does not contain
Chicken Shawarma,Chicken,None,Olive oil,Shawarma spices,None,Does not contain
Stuffed Mushrooms,Mushrooms,None,None,"Garlic, herbs",None,Does not contain
Zucchini Noodles,Zucchini,None,Olive oil,"Garlic, herbs",None,Does not contain
Sweet and Sour Chicken,Chicken,Sugar,Vegetable oil,"Pineapple, bell peppers",None,Does not contain
Beef Kabobs,Beef,None,Olive oil,Seasonings,None,Does not contain
Tomato Bruschetta,Tomatoes,None,Olive oil,"Garlic, basil",None,Does not contain
Quinoa Stuffed Peppers,Quinoa,None,Olive oil,"Vegetables, spices",None,Does not contain
Veggie Omelette,Mixed vegetables,None,Olive oil,"Salt, pepper",None,Does not contain
Ratatouille,Vegetables,None,Olive oil,"Herbs, garlic",None,Does not contain
Beef Tacos,Beef,None,Vegetable oil,Taco seasoning,None,Does not contain
Quinoa Salad,Quinoa,None,Olive oil,"Lemon juice, vegetables",None,Does not contain
Vegetable Stir-Fry,Mixed vegetables,None,Vegetable oil,Soy sauce,None,Does not contain
Buffalo Wings,Chicken wings,None,Vegetable oil,Buffalo sauce,None,Does not contain
Lentil Soup,Lentils,None,Olive oil,Vegetables,None,Does not contain
Stuffed Cabbage Rolls,Cabbage,None,Olive oil,"Ground meat, rice",None,Does not contain
Orange Chicken,Chicken,None,Vegetable oil,Orange sauce,None,Does not contain
Honey Mustard Chicken,Chicken,Honey,Olive oil,"Mustard, herbs",None,Does not contain
Lentil Salad,Lentils,None,Olive oil,"Lemon juice, vegetables",None,Does not contain
Cilantro Lime Chicken,Chicken,None,Olive oil,"Cilantro, lime",None,Does not contain
Ratatouille Pizza,Pizza dough,None,Olive oil,Ratatouille vegetables,None,Does not contain
Chicken Curry,Chicken,None,Coconut milk,Curry powder,None,Does not contain
Pesto Pasta Salad,Pasta,None,Pesto sauce,"Tomatoes, vegetables",None,Does not contain
Beef and Mushroom Stir-Fry,Beef,None,Vegetable oil,Soy sauce,None,Does not contain
Tofu Curry,Tofu,None,Coconut milk,Curry paste,None,Does not contain
Stuffed Bell Peppers,Bell peppers,None,Olive oil,"Ground meat, rice",None,Does not contain
Stuffed Bell Peppers,Bell peppers,None,Olive oil,"Ground meat, rice",None,Does not contain
Greek Moussaka,Eggplant,None,Olive oil,"Ground meat, potatoes",None,Does not contain
Brussels Sprouts,Brussels sprouts,None,Olive oil,Balsamic glaze,None,Does not contain
Baked Chicken Wings,Chicken wings,None,Olive oil,Seasonings,None,Does not contain
Mango Coconut Popsicles,Mango,Sugar,Coconut milk,None,None,Does not contain
Ratatouille Pasta,Pasta,None,Olive oil,Ratatouille vegetables,None,Does not contain
Chicken Noodle Soup,Chicken,None,Vegetable oil,"Noodles, vegetables",None,Does not contain
Mango Salsa,Mango,None,None,"Lime juice, cilantro",None,Does not contain
Spinach Salad,Spinach,None,Olive oil,Balsamic vinaigrette,None,Does not contain
Caramelized Onions,Onions,Sugar,Butter,None,None,Does not contain
Beef Stir-Fry,Beef,None,Vegetable oil,Soy sauce,None,Does not contain
Strawberry Spinach Salad,Spinach,None,None,"Strawberries, vinaigrette",None,Does not contain
Ratatouille Tart,Vegetables,None,Olive oil,"Puff pastry, herbs",None,Does not contain
Honey Glazed Carrots,Carrots,Honey,Butter,None,None,Does not contain
Cucumber Salad,Cucumbers,None,Olive oil,"Vinegar, herbs",None,Does not contain
Greek Lemon Potatoes,Potatoes,None,Olive oil,"Lemon juice, herbs",None,Does not contain
Stuffed Tomatoes,Tomatoes,None,None,"Herbs, breadcrumbs",None,Does not contain
Avocado Toast,Avocado,None,Olive oil,"Salt, pepper",None,Does not contain
Lemon Pepper Chicken,Chicken,None,Olive oil,Lemon pepper seasoning,None,Does not contain
Chicken Shawarma,Chicken,None,Olive oil,Shawarma seasoning,None,Does not contain
Lemon Herb Roasted Chicken,Chicken,None,Olive oil,"Lemon, herbs",None,Does not contain
Greek Lemon Chicken,Chicken,None,Olive oil,"Lemon juice, herbs",None,Does not contain
Roasted Brussels Sprouts,Brussels sprouts,None,Olive oil,Balsamic glaze,None,Does not contain
Beef Burritos,Beef,None,Vegetable oil,Burrito seasoning,None,Does not contain
Raspberry Spinach Salad,Spinach,None,None,"Raspberries, vinaigrette",None,Does not contain
Chicken and Rice Soup,Chicken,None,Vegetable oil,"Rice, vegetables",None,Does not contain
Chicken Fajitas,Chicken,None,Vegetable oil,Fajita seasoning,None,Does not contain
Vegetable Curry,Mixed vegetables,None,Coconut milk,Curry paste,None,Does not contain
Ratatouille,Vegetables,None,Olive oil,Herbs,None,Does not contain
Pesto Pasta Salad,Pasta,None,Pesto sauce,"Tomatoes, vegetables",None,Does not contain
Beef and Mushroom Stir-Fry,Beef,None,Vegetable oil,Soy sauce,None,Does not contain
Tofu Curry,Tofu,None,Coconut milk,Curry paste,None,Does not contain
Stuffed Bell Peppers,Bell peppers,None,Olive oil,"Ground meat, rice",None,Does not contain
Greek Moussaka,Eggplant,None,Olive oil,"Ground meat, potatoes",None,Does not contain
Brussels Sprouts,Brussels sprouts,None,Olive oil,Balsamic glaze,None,Does not contain
Baked Chicken Wings,Chicken wings,None,Olive oil,Seasonings,None,Does not contain
Mango Coconut Popsicles,Mango,Sugar,Coconut milk,None,None,Does not contain
Ratatouille Pasta,Pasta,None,Olive oil,Ratatouille vegetables,None,Does not contain
Chicken Noodle Soup,Chicken,None,Vegetable oil,"Noodles, vegetables",None,Does not contain
Mango Salsa,Mango,None,None,"Lime juice, cilantro",None,Does not contain
Spinach Salad,Spinach,None,Olive oil,Balsamic vinaigrette,None,Does not contain
Caramelized Onions,Onions,Sugar,Butter,None,None,Does not contain
Beef Stir-Fry,Beef,None,Vegetable oil,Soy sauce,None,Does not contain
Strawberry Spinach Salad,Spinach,None,None,"Strawberries, vinaigrette",None,Does not contain
Ratatouille Tart,Vegetables,None,Olive oil,"Puff pastry, herbs",None,Does not contain
Honey Glazed Carrots,Carrots,Honey,Butter,None,None,Does not contain
Cucumber Salad,Cucumbers,None,Olive oil,"Vinegar, herbs",None,Does not contain
Greek Lemon Potatoes,Potatoes,None,Olive oil,"Lemon juice, herbs",None,Does not contain
Stuffed Tomatoes,Tomatoes,None,None,"Herbs, breadcrumbs",None,Does not contain
Biryani,Rice,None,Ghee,"Biryani masala, spices",None,Does not contain
Chole Bhature,Chickpeas,Sugar,Ghee,"Chole masala, spices",None,Does not contain
Masala Dosa,Rice,None,Oil,"Potato masala, spices",None,Does not contain
Samosa,Potatoes,None,Ghee,Spices,None,Contains
Aloo Gobi,Potatoes,None,Oil,"Cauliflower, spices",None,Does not contain
Chicken Biryani,Chicken,None,Ghee,"Basmati rice, spices",None,Does not contain
Vada Pav,Potato,None,Oil,"Pav bun, chutney",None,Does not contain
Pani Puri,Semolina,Tamarind,None,"Spiced water, chutney",None,Does not contain
Rajma Chawal,Kidney beans,None,Ghee,Spices,None,Contains
Chicken Curry,Chicken,None,Oil,Curry spices,None,Does not contain
Vegetable Biryani,Mixed vegetables,None,Ghee,"Basmati rice, spices",None,Does not contain
Chana Masala,Chickpeas,None,Oil,Masala spices,None,Does not contain
Paniyaram,Fermented batter,None,Oil,"Mustard seeds, curry leaves",None,Does not contain
Chicken Biryani,Chicken,None,Ghee,"Basmati rice, spices",None,Does not contain
Pav Bhaji,Mixed vegetables,None,Butter,"Pav bread, spices",None,Does not contain
Hyderabadi Biryani,Basmati rice,None,Ghee,"Meat/vegetables, spices",None,Does not contain
Chicken Curry,Chicken,None,Oil,Curry spices,None,Does not contain
Dosa,Rice,None,Oil,"Potato masala, chutney",None,Does not contain
Chole Kulche,Chickpeas,None,Ghee,"Kulcha bread, spices",None,Does not contain
Gobi Manchurian,Cauliflower,None,Oil,Manchurian sauce,None,Does not contain
Mutton Biryani,Mutton,None,Ghee,"Basmati rice, spices",None,Does not contain
Oatmeal,Oats,Sugar,Milk,Cinnamon,"Oats, Dairy",Contains
Chicken Satay,Chicken,None,Peanut butter,Soy sauce,Peanuts,Contains
Peanut Butter,Peanuts,Sugar,Vegetable oil,Salt,Peanuts,Contains
Peanut Butter,Peanuts,Sugar,Vegetable oil,Salt,Peanuts,Contains
Chicken Satay,Chicken,None,Peanut oil,"Satay sauce, spices",Peanuts,Contains
Chicken Satay,Chicken,None,Peanut oil,"Satay sauce, spices",Peanuts,Contains
Pesto Chicken,Chicken,None,Olive oil,Pesto sauce,"Pine nuts, Dairy",Contains
Zucchini Noodles with Pesto,Zucchini,None,Olive oil,Pesto sauce,"Pine nuts, Dairy",Contains
Pesto Chicken,Chicken,None,Olive oil,Pesto sauce,"Pine nuts, Dairy",Contains
Rice Pudding,Rice,Sugar,Milk,"Cinnamon, raisins","Rice, Dairy",Contains
Shrimp Scampi,Shrimp,None,Butter,"Garlic, lemon",Shellfish,Contains
Shrimp Scampi Pasta,Shrimp,None,Butter,"Garlic, lemon",Shellfish,Contains
Garlic Shrimp,Shrimp,None,Olive oil,Garlic,Shellfish,Contains
Lemon Garlic Shrimp,Shrimp,None,Olive oil,"Lemon juice, garlic",Shellfish,Contains
Lemon Garlic Shrimp,Shrimp,None,Olive oil,"Lemon juice, garlic",Shellfish,Contains
Prawn Biryani,Prawns,None,Ghee,"Basmati rice, spices",Shellfish,Contains
Lobster Bisque,Lobster,None,Butter,"Cream, brandy","Shellfish, Dairy",Contains
Caesar Shrimp Skewers,Shrimp,None,Olive oil,Caesar dressing,"Shellfish, Dairy",Contains
Shrimp Scampi,Shrimp,None,Butter,"Garlic, lemon","Shellfish, Dairy",Contains
Lobster Bisque,Lobster,None,Butter,"Cream, brandy","Shellfish, Dairy",Contains
Caesar Shrimp Skewers,Shrimp,None,Olive oil,Caesar dressing,"Shellfish, Dairy",Contains
Prawn Curry,Prawns,None,Coconut milk,Curry spices,"Shellfish, Dairy",Contains
Lobster Roll,Lobster,None,Mayonnaise,"Celery, lemon juice","Shellfish, Eggs",Contains
Lobster Roll,Lobster,None,Mayonnaise,"Celery, lemon juice","Shellfish, Eggs",Contains
Bacon-Wrapped Shrimp,Shrimp,None,Bacon,Seasonings,"Shellfish, Pork",Contains
Shrimp Fried Rice,Shrimp,None,Vegetable oil,Soy sauce,"Shellfish, Soybeans",Contains
Soy Milk,Soybeans,Sugar,None,Emulsifiers,Soybeans,Contains
Soy Milk,Soybeans,Sugar,None,Emulsifiers,Soybeans,Contains
Tofu Stir-Fry,Tofu,None,Vegetable oil,Soy sauce,Soybeans,Contains
Miso Soup,Miso paste,None,None,"Tofu, seaweed",Soybeans,Contains
Tofu Scramble,Tofu,None,Vegetable oil,"Turmeric, spices",Soybeans,Contains
Chicken Teriyaki,Chicken,None,Soy sauce,"Honey, ginger",Soybeans,Contains
Tofu Stir-Fry,Tofu,None,Vegetable oil,Soy sauce,Soybeans,Contains
Teriyaki Beef,Beef,None,Soy sauce,"Teriyaki sauce, vegetables",Soybeans,Contains
Sushi Rolls,Sushi rice,None,Soy sauce,"Nori (seaweed), fish","Soybeans, Fish",Contains
Wheat Bread,Wheat flour,None,None,Salt,Wheat,Contains
Wheat Bread,Wheat flour,None,None,Salt,Wheat,Contains
Zucchini Bread,Zucchini,Sugar,Vegetable oil,Flour,Wheat,Contains
Chicken Noodle Casserole,Chicken,None,Butter,"Noodles, vegetables",Wheat,Contains
Onion Rings,Onions,None,Vegetable oil,Flour,Wheat,Contains
Chicken Pot Pie,Chicken,None,Butter,"Vegetables, pastry",Wheat,Contains
Grilled Portobello Mushroom Burger,Portobello mushrooms,None,None,"Burger bun, vegetables",Wheat,Contains
Aloo Paratha,Potatoes,None,Ghee,"Wheat flour, spices",Wheat,Contains
Oatmeal Raisin Cookies,Oats,Sugar,Butter,Flour,"Wheat, Dairy",Contains
Oatmeal Raisin Cookies,Oats,Sugar,Butter,Flour,"Wheat, Dairy",Contains
Pancakes,Flour,Sugar,Butter,Baking powder,"Wheat, Dairy",Contains
Carrot Cake,Carrots,Sugar,Vegetable oil,Cinnamon,"Wheat, Dairy",Contains
Blueberry Muffins,Blueberries,Sugar,Butter,Flour,"Wheat, Dairy",Contains
Chocolate Chip Cookies,Flour,Sugar,Butter,Chocolate chips,"Wheat, Dairy",Contains
Mushroom Risotto,Arborio rice,None,Butter,Mushroom,"Wheat, Dairy",Contains
Cinnamon Rolls,Flour,Sugar,Butter,Cinnamon,"Wheat, Dairy",Contains
Pineapple Upside-Down Cake,Pineapple,Sugar,Butter,Flour,"Wheat, Dairy",Contains
Apple Pie,Apples,Sugar,Butter,Cinnamon,"Wheat, Dairy",Contains
Banana Bread,Bananas,Sugar,Butter,Flour,"Wheat, Dairy",Contains
Vanilla Cupcakes,Flour,Sugar,Butter,Vanilla extract,"Wheat, Dairy",Contains
Apple Crisp,Apples,Sugar,Butter,Cinnamon,"Wheat, Dairy",Contains
Pasta Carbonara,Pasta,None,Bacon,"Egg, Parmesan cheese","Wheat, Dairy",Contains
Blueberry Pancakes,Flour,Sugar,Butter,Blueberries,"Wheat, Dairy",Contains
Lemon Bars,Flour,Sugar,Butter,Lemon juice,"Wheat, Dairy",Contains
Pumpkin Pie,Pumpkin,Sugar,Butter,"Cinnamon, nutmeg","Wheat, Dairy",Contains
Mixed Berry Pie,Mixed berries,Sugar,Butter,Flour,"Wheat, Dairy",Contains
Garlic Bread,Bread,None,Butter,Garlic,"Wheat, Dairy",Contains
Berry Cobbler,Mixed berries,Sugar,Butter,Flour,"Wheat, Dairy",Contains
Baked Ziti,Pasta,None,Cheese,Tomato sauce,"Wheat, Dairy",
Baked Ziti,Pasta,None,Cheese,Tomato sauce,"Wheat, Dairy",Contains
Key Lime Pie,Lime juice,Sugar,Butter,Graham cracker crust,"Wheat, Dairy",Contains
Lemon Poppy Seed Muffins,Flour,Sugar,Butter,"Lemon zest, poppy seeds","Wheat, Dairy",Contains
Chicken Quesadilla,Chicken,None,Butter,Cheese,"Wheat, Dairy",Contains
Pancake Stack,Flour,Sugar,Butter,Maple syrup,"Wheat, Dairy",Contains
Strawberry Shortcake,Strawberries,Sugar,Whipped cream,Shortcake,"Wheat, Dairy",Contains
Berry Crumble,Mixed berries,Sugar,Butter,"Oats, cinnamon","Wheat, Dairy",Contains
Raspberry Cheesecake,Cream cheese,Sugar,Butter,"Graham cracker crust, raspberries","Wheat, Dairy",Contains
Blueberry Pancakes,Flour,Sugar,Butter,Blueberries,"Wheat, Dairy",Contains
Oatmeal Raisin Cookies,Oats,Brown sugar,Butter,"Raisins, cinnamon","Wheat, Dairy",Contains
Apple Crisp,Apples,Sugar,Butter,"Cinnamon, oats","Wheat, Dairy",Contains
Chicken Enchiladas,Chicken,None,Enchilada sauce,"Cheese, tortillas","Wheat, Dairy",Contains
Caesar Salad Wrap,Romaine lettuce,None,Caesar dressing,"Parmesan cheese, croutons","Wheat, Dairy",Contains
Caesar Salad Wrap,Romaine lettuce,None,Caesar dressing,"Parmesan cheese, croutons","Wheat, Dairy",Contains
S'mores,Graham crackers,Marshmallows,Chocolate,None,"Wheat, Dairy",Contains
Tiramisu,Ladyfingers,Sugar,Mascarpone cheese,"Coffee, cocoa","Wheat, Dairy",Contains
Cinnamon Rolls,Dough,Sugar,Butter,"Cinnamon, icing","Wheat, Dairy",Contains
Chicken Caesar Salad,Chicken,None,Caesar dressing,"Romaine lettuce, croutons","Wheat, Dairy",Contains
Vegetable Lasagna,Vegetables,None,Olive oil,"Tomato sauce, cheese","Wheat, Dairy",Contains
Garlic Bread,Bread,None,Butter,Garlic,"Wheat, Dairy",Contains
Chicken Alfredo Pizza,Pizza dough,None,None,"Chicken, Alfredo sauce","Wheat, Dairy",Contains
Caesar Pasta Salad,Pasta,None,Caesar dressing,"Romaine lettuce, Parmesan cheese","Wheat, Dairy",Contains
Baked Apple,Apples,Sugar,Butter,"Cinnamon, oats","Wheat, Dairy",Contains
Apple Pie,Apples,Sugar,Butter,"Cinnamon, pastry","Wheat, Dairy",Contains
Chicken Parmesan,Chicken,None,Olive oil,"Tomato sauce, cheese","Wheat, Dairy",Contains
Pumpkin Pie,Pumpkin,Sugar,Butter,"Pumpkin spice, pastry","Wheat, Dairy",Contains
Blueberry Muffins,Flour,Sugar,Butter,Blueberries,"Wheat, Dairy",Contains
Sausage and Pepper Pizza,Pizza dough,None,None,"Sausage, bell peppers","Wheat, Dairy",Contains
Beef Wellington,Beef,None,Butter,"Mushrooms, puff pastry","Wheat, Dairy",Contains
Baked Ziti,Pasta,None,None,"Tomato sauce, cheese","Wheat, Dairy",Contains
Lemon Poppy Seed Muffins,Flour,Sugar,Butter,"Lemon zest, poppy seeds","Wheat, Dairy",Contains
Apple Crisp,Apples,Sugar,Butter,"Cinnamon, oats","Wheat, Dairy",Contains
Chicken Enchiladas,Chicken,None,Enchilada sauce,"Cheese, tortillas","Wheat, Dairy",Contains
Caesar Salad Wrap,Romaine lettuce,None,Caesar dressing,"Parmesan cheese, croutons","Wheat, Dairy",Contains
S'mores,Graham crackers,Marshmallows,Chocolate,None,"Wheat, Dairy",Contains
Tiramisu,Ladyfingers,Sugar,Mascarpone cheese,"Coffee, cocoa","Wheat, Dairy",Contains
Cinnamon Rolls,Dough,Sugar,Butter,"Cinnamon, icing","Wheat, Dairy",Contains
Chicken Caesar Salad,Chicken,None,Caesar dressing,"Romaine lettuce, croutons","Wheat, Dairy",Contains
Vegetable Lasagna,Vegetables,None,Olive oil,"Tomato sauce, cheese","Wheat, Dairy",Contains
Garlic Bread,Bread,None,Butter,Garlic,"Wheat, Dairy",Contains
Chicken Alfredo Pizza,Pizza dough,None,None,"Chicken, Alfredo sauce","Wheat, Dairy",Contains
Caesar Pasta Salad,Pasta,None,Caesar dressing,"Romaine lettuce, Parmesan cheese","Wheat, Dairy",Contains
Baked Apple,Apples,Sugar,Butter,"Cinnamon, oats","Wheat, Dairy",Contains
Apple Pie,Apples,Sugar,Butter,"Cinnamon, pastry","Wheat, Dairy",Contains
Chicken Parmesan,Chicken,None,Olive oil,"Tomato sauce, cheese","Wheat, Dairy",Contains
Pumpkin Pie,Pumpkin,Sugar,Butter,"Pumpkin spice, pastry","Wheat, Dairy",Contains
Blueberry Muffins,Flour,Sugar,Butter,Blueberries,"Wheat, Dairy",Contains
Sausage and Pepper Pizza,Pizza dough,None,None,"Sausage, bell peppers","Wheat, Dairy",Contains
Beef Wellington,Beef,None,Butter,"Mushrooms, puff pastry","Wheat, Dairy",Contains
Jalebi,Flour,Sugar,Ghee,Saffron syrup,"Wheat, Dairy",Contains
Butter Naan,Flour,None,Butter,None,"Wheat, Dairy",Contains
Tiramisu,Ladyfingers,Sugar,"Mascarpone cheese, coffee liqueur",Cocoa powder,"Wheat, Dairy, Alcohol",Contains
Chocolate Cake,Flour,Sugar,Butter,Cocoa powder,"Wheat, Dairy, Cocoa",Contains
Chocolate Chip Pancakes,Flour,Sugar,Butter,Chocolate chips,"Wheat, Dairy, Cocoa",Contains
Lemon Bars,Lemon juice,Sugar,Butter,"Flour, eggs","Wheat, Dairy, Eggs",Contains
Lemon Bars,Lemon juice,Sugar,Butter,"Flour, eggs","Wheat, Dairy, Eggs",Contains
Pecan Pie,Pecans,Sugar,Butter,Corn syrup,"Wheat, Dairy, Nuts",Contains
Zucchini Bread,Zucchini,Sugar,Butter,"Cinnamon, nuts","Wheat, Dairy, Nuts",Contains
Banana Bread,Bananas,Sugar,Butter,"Cinnamon, nuts","Wheat, Dairy, Nuts",Contains
Hawaiian Pizza,Pizza dough,None,None,"Pineapple, ham","Wheat, Pork, Dairy",Contains
Bhujia,"Gram flour (besan), potato",None / Sugar*,Refined vegetable oil,"Salt, chili powder, black pepper, carom seeds (ajwain), dry mango powder (amchur), asafoetida (hing)","Gluten (if wheat flour added), peanuts (if processed in same facility), sesame (rare)","Not very healthy if consumed in excess due to high fat, salt, and fried nature"
Chikki,Peanuts or sesame,Jaggery,None/Natural,None,"Peanuts, sesame",Healthier alternative to candy; good for energy. Watch out for allergies.
Banana Chips,Raw banana,None,Coconut or palm oil,"Salt, pepper, chili powder",None (usually),Rich in fat and carbs; moderate consumption advised.
Mixture,"Besan sev, rice flakes, peanuts, dal",None/Sugar,Vegetable oil,"Salt, turmeric, curry leaves, chili powder, mustard seeds","Peanuts, gluten, sometimes cashews, sesame",Highly flavorful but salty and fried; check label if allergic or on low-sodium diet.
Tata Tea Agni,Tea Leaves,None,None,None,None,"Pure tea leaves; no added sugar or spices. No major allergens. Strong, robust flavor intended for boiled milk tea."
Continental Xtra Instant South Blend,"Instant Coffee, Chicory",None,None,None,None,"South Indian-style instant coffee blend with chicory. No added sugar, fat, or allergens. Best with milk and sugar added separately."
Veeba Tomato Ketchup,Tomato Paste,"Sugar, Liquid Glucose",None,"Vinegar, Salt, Spices",None,Classic tomato ketchup; sweet and tangy. No major allergens. Contains preservatives and stabilizers (like INS 211). Kid-friendly and commonly used condiment.
Saffola Masala Oats Classic Masala,Wholegrain Oats,Sugar,Edible Vegetable Oil (Palmolein),"Spices (Turmeric, Cumin, Red Chilli)",Gluten (from oats),Mild spice level; suitable for daily consumption. Can be filling and good for weight management. High sodium may not suit hypertensive individuals.
Saffola Masala Oats Veggie Twist,Wholegrain Oats,Sugar,Edible Vegetable Oil (Palmolein),"Spices and Dehydrated Vegetables (Carrot, Beans)",Gluten; traces of milk/soy possible,Rich in fiber with added veggies. Suitable for light meals. Slightly higher in carbs due to added veggies and sugar.
Saffola Masala Oats Peppy Tomato,Wholegrain Oats,Sugar,Edible Vegetable Oil (Palmolein),"Tomato Powder, Onion, Garlic",Gluten; traces of milk/soy possible,"Tangy and spicy, can irritate sensitive stomachs. Not ideal for those with acidity or nightshade allergies."
Saffola Masala Oats Curry & Pepper,Wholegrain Oats,Sugar,Edible Vegetable Oil (Palmolein),"Black Pepper, Curry Leaves",Gluten; traces of milk/soy possible,High spice content may trigger heartburn. Strong pepper flavor not ideal for children or people with ulcers.
Saffola Masala Oats Masala Coriander,Wholegrain Oats,Sugar,Edible Vegetable Oil (Palmolein),"Coriander Powder, Cumin",Gluten; traces of milk/soy possible,Herbal and mildly spiced. Generally well-tolerated unless allergic to coriander family. Slightly bland for spice lovers.
Saffola Masala Oats Tasty Evening,Wholegrain Oats,Sugar,Edible Vegetable Oil (Palmolein),"Mixed Spices (Ajwain, Hing)",Gluten; traces of milk/soy possible,Designed for light snacking. May cause gas due to ajwain and hing in sensitive individuals. Aromatic and flavorful.
Saffola Masala Oats Chinese,Wholegrain Oats,Sugar,Edible Vegetable Oil (Palmolein),"Soy Sauce Powder, Ginger, Garlic","Gluten; Soy, traces of milk",Eastern flavor profile; high sodium and umami. Not suitable for soy-allergic individuals or low-salt diets. May be addictive in taste.
B Natural Mixed Fruit,"Mixed Fruits (Mango, Banana, Guava, Apple, Pineapple, etc.)",Sugar,None,Citric Acid,None (may vary),Contains multiple fruits—may trigger sensitivities in people with mixed fruit allergies. High sugar content. Not suitable for diabetics or low-acid diets.
B Natural Guava,Guava Pulp,Sugar,None,Citric Acid,None,High in vitamin C and fiber. May cause bloating or gas. Avoid in kidney stone patients due to oxalates.
B Natural Orange,Orange Juice Concentrate,Sugar,None,Citric Acid,May contain citrus,High acidity—may not be suitable for acid reflux or ulcer patients. Contains natural vitamin C.
B Natural Apple,Apple Juice Concentrate,Sugar,None,Malic Acid,May contain apple traces,Relatively gentle on the stomach. Still sugary—moderation advised. May not suit fructose-intolerant individuals.
B Natural Pomegranate,Pomegranate Juice Concentrate,Sugar,None,Citric Acid,May contain pomegranate traces,High in antioxidants but can interfere with certain medications (like statins or blood thinners).
B Natural Litchi,Litchi Juice Concentrate,Sugar,None,Citric Acid,Litchi,May spike blood sugar quickly. Should be avoided by diabetic children. Litchi-related toxicity risk if consumed on empty stomach.
B Natural Mango,Mango Pulp,Sugar,None,Citric Acid,Mango,Rich and heavy—avoid excess intake. High sugar and calorie content. May cause acne flareups in some individuals.
B Natural Jamun,Jamun Pulp,Sugar,None,Citric Acid,None,"May help in blood sugar control, but added sugar reduces this benefit. Dark pigment may stain teeth with frequent use."
B Natural Cranberry,Cranberry Concentrate,Sugar,None,Citric Acid,None,"Known for urinary health benefits, but tart and acidic. May not suit sensitive stomachs or kidney stone patients (oxalates)."
B Natural Pineapple,Pineapple Juice Concentrate,Sugar,None,Citric Acid,Pineapple,Contains bromelain—may aid digestion but also cause tingling. Not suitable for oral ulcer or gastritis-prone individuals.
B Natural Amla & Aloe Vera,Amla and Aloe Vera Extract,Sugar,None,Citric Acid,None,"Good for immunity and digestion, but aloe in high amounts may cause diarrhea. Sour profile—not for ulcers or acidity."
Kissan Fresh Tomato Ketchup,Tomato Paste,Sugar,None,"Salt, Onion, Garlic",May contain traces of celery or mustard,Classic sweet-sour profile; high in sugar and salt. Not ideal for diabetics or people on low-sodium diets. Kid-friendly taste.
Kissan No Onion No Garlic Ketchup,Tomato Paste,Sugar,None,"Salt, Mixed Spices",None (usually),Suitable for Jain diets and religious fasting. Still high in sugar and sodium. Milder taste compared to regular version.
Kissan Sweet & Spicy Sauce,Tomato Paste,Sugar,None,"Chilli Powder, Garlic, Vinegar",May contain chilli extracts,Spicy kick with sweetness. May cause gastric irritation in sensitive individuals. Not suitable for kids or ulcer patients.
Kissan Chatpata Sauce,Tomato Paste,Sugar,None,"Tamarind, Cumin, Chat Masala",May contain traces of mustard or asafoetida,Street-food-style tangy flavor. May trigger acidity or gas in sensitive people. Not suitable for low-acid diets.
Kissan Pizza & Pasta Sauce,Tomato Paste,Sugar,Refined Soybean Oil,"Italian Herbs, Garlic, Onion",Gluten (if thickened with wheat),Flavored for Italian dishes. May contain thickeners and preservatives. Not suitable for soy or gluten-sensitive individuals.
Dr. Oetker FunFoods Veg Mayonnaise,"Soybean Oil, Milk Solids","Sugar, Glucose",Refined Soybean Oil,"Salt, Vinegar, Mustard Flour",Eggless but contains milk and soy,Thick and creamy; not suitable for lactose-intolerant or soy-allergic individuals. High in fats and calories—use in moderation.
Dr. Oetker FunFoods Garlic Mayonnaise,"Soybean Oil, Milk Solids","Sugar, Glucose",Refined Soybean Oil,"Garlic Powder, Vinegar, Mustard Flour","Milk, Soy, Garlic",Strong flavor ideal for wraps/burgers. May not suit those with IBS or garlic sensitivity. High in fat.
Dr. Oetker FunFoods Tandoori Mayonnaise,"Soybean Oil, Milk Solids",Sugar,Refined Soybean Oil,"Tandoori Masala, Vinegar, Mustard Flour","Milk, Soy, Spices",Smoky Indian twist. May irritate acidity-prone users due to spices. High-calorie condiment.
Dr. Oetker FunFoods Burger Mayonnaise,"Soybean Oil, Milk Solids",Sugar,Refined Soybean Oil,"Onion Powder, Pickle Flavor, Vinegar","Milk, Soy",Designed for fast food taste. Includes acidity regulators and preservatives. Not recommended for daily use.
Dr. Oetker FunFoods Sandwich Spread (Cheese & Chilli),"Milk Solids, Cheese Powder",Sugar,Refined Vegetable Oil,"Chilli Flakes, Spices, Vinegar","Milk, Chilli, Soy (possible)",Spicy cheesy flavor; not for spice-sensitive individuals. High in fat and sodium.
Dr. Oetker FunFoods Pizza Topping,Tomato Paste,Sugar,Refined Soybean Oil,"Italian Herbs, Onion, Garlic",May contain milk or wheat,Ready-made pizza base sauce. Contains added flavors and preservatives. Slightly tangy; not for acid reflux patients.
Ching's Schezwan Chutney,"Soybean Oil, Water, Dried Red Chillies","Sugar, Corn Syrup",Soybean Oil,"Ginger, Garlic, Onion, Celery, Soy Sauce","Soy, Celery, Garlic, Gluten (from soy sauce)",Extremely spicy and tangy. Can cause acidity or gastric discomfort. Not suitable for children or people with soy/celery allergies. Adds strong umami flavor to snacks.
Ching's Green Chilli Chutney,"Water, Green Chillies",Sugar,Soybean Oil,"Garlic, Salt, Acidity Regulators","Garlic, Possible traces of mustard or soy",Sharp and spicy profile. May cause heartburn. Use in small amounts as a dip or cooking base. Preservatives may not suit sensitive stomachs.
Ching's Red Chilli Chutney,"Water, Red Chillies",Sugar,Soybean Oil,"Garlic, Salt, Acidity Regulators","Garlic, Possible traces of soy",Very spicy with mild sweetness. Can irritate ulcers or acid reflux. Ideal for Indo-Chinese cooking in limited quantities.
Kellogg’s Corn Flakes Original,Corn Flakes,Sugar,None,"Iron,?Vitamins?B1/B2/B3/C","Milk?free, Gluten?free, Corn allergy possible",Low-fat and light; suitable for weight-conscious diets. Fortified with vitamins. May taste bland without milk or fruit. Not suitable for corn allergy sufferers.
Kellogg’s Corn Flakes Real Almonds & Honey,"Corn Flakes, Almonds, Honey",Sugar,None,"Iron,?Vitamins","Milk-free, Contains nuts",Richer flavor than plain variant; higher in sugar and fat. Good source of energy but unsuitable for nut-allergic individuals.
Kellogg’s Corn Flakes Kesar Pista Badam,"Corn Flakes, Saffron, Pistachio, Almond",Sugar,None,"Iron,?Vitamins",Contains nuts,Festive taste; higher fat and sugar content. Good as a dessert cereal; not ideal for daily use or nut allergies.
Kellogg’s Corn Flakes Rose Badam,"Corn Flakes, Rose, Almond",Sugar,None,"Iron,?Vitamins",Contains nuts,Delicate rose flavor; mild sweetness. May not suit all taste preferences. Still high in sugar and fat.
Kellogg’s Corn Flakes Thandai Badam,"Corn Flakes, Thandai flavors, Almond",Sugar,None,"Iron,?Vitamins",Contains nuts,"Spiced, seasonal taste; rich in calories. Best consumed occasionally. Avoid if nut sensitive."
Kellogg’s Chocos Chocolate,"Whole grain, Cocoa",Sugar,None,"Iron,?B?Vitamins",Milk?free,Kid-favorite cocoa cereal; high sugar content. Tastes best with milk. May cause hyperactivity if consumed in excess.
Kellogg’s Multigrain Chocos,Cocoa + Multigrains,Sugar,None,"Iron, Protein",Milk?free,Added nutrition over regular Chocos. Still sugary. Good for fussy eaters in moderation.
Kellogg’s Chocos Webs,Cocoa Multigrain,Sugar,None,"Iron, Vitamins",Milk-free,Playful shapes; same sugar and flavor profile as regular Chocos. Designed to appeal to children.
Kellogg’s Chocos Duet,Vanilla + Chocolate Shells,Sugar,None,"Iron, Vitamins",Milk-free,Two-tone taste; even sweeter than regular Chocos. May not suit adults.
Kellogg’s Chocos Crunchy Bites,"Cocoa Whole Grain, Protein added",Sugar,None,"Iron, Protein",Milk-free,More protein than regular Chocos. Good snack option. Still sweet and high in calories.
Kellogg’s Chocos Chhota Bheem Laddoo,"Multigrain, Cocoa",Sugar,None,"Iron, Vitamins",Milk-free,Promotional variant with laddoo shape. No real nutrition difference. High sugar.
Kellogg’s Chocos Moons & Stars,Cocoa Multigrain,Sugar,None,"Iron, Vitamins",Milk-free,Appealing to kids. Identical to regular Chocos in nutrition.
Kellogg’s Froot Loops,Multigrain Fruit-Flavored Rings,Sugar,None,"Iron,?B-Vitamins",Milk-free,Extremely sweet; contains artificial flavors. Not recommended for daily consumption or young children.
Kellogg’s Muesli Nuts Delight,"Multigrain, Almonds, Seeds",Sugar,None,"Vitamins, Iron","Gluten, Contains nuts",High in fiber and healthy fats. Great for breakfast but high in calories. Avoid if allergic to nuts.
"Kellogg’s Muesli Fruit, Nut & Seeds","Multigrain, Dried Fruits, Nuts, Seeds",Sugar,None,"Vitamins, Iron","Gluten, Contains nuts and fruits",Filling and nutrient-rich. Naturally sweet from fruits. May not suit diabetic individuals.
Kellogg’s Chocolate Muesli,"Multigrain, Cocoa, Dried Fruits",Sugar,None,"Vitamins, Iron","Gluten, Cocoa, Nuts",Indulgent breakfast option. Tastes great but high in sugar. Not ideal for daily use.
Kellogg’s Muesli Fruit Magic,"Multigrain, Mixed Fruits",Sugar,None,"Vitamins, Iron","Gluten, Dried fruit",Good source of fiber and vitamins. Moderate sugar from fruit. Not suitable for very low-sugar diets.
Kellogg’s Muesli 0% Added Sugar,"Multigrain, Raisins, Currants",No added sugar,None,"Vitamin C, Iron","Gluten, Dried fruit",Best for sugar-conscious users. Still contains natural sugars from fruits. High fiber and filling.
Kellogg’s Crunchy Granola Almonds & Cranberries,"Multigrain Clusters, Almonds, Cranberries","Sugar, Honey",None,"Fiber, Iron, B?Vitamins",Contains nuts,Good for snacking or breakfast. High in sugar and fats. Portion control recommended.
Kellogg’s Crunchy Granola Chocolate & Almonds,"Multigrain Clusters, Cocoa, Almonds",Sugar,None,"Fiber, Iron, B?Vitamins",Contains cocoa and nuts,Chocolatey and crunchy. Tastes great but calorie dense. Not ideal for daily use.
Kellogg’s Rolled Hot Oats,Rolled Oats,No sugar,None,"Fiber, Iron","Gluten, Oat-sensitive",Oatmeal base for healthy diet. Good for heart and digestion. Best consumed unsweetened or with fruit.
Bournvita,"Malted Barley, Wheat Flour, Cocoa Powder",Sugar,Vegetable Fat,Vitamins & Minerals,"Milk, Gluten, Soy",Popular kids' drink; high in sugar. Promotes energy and growth but not ideal for diabetics or lactose-intolerant individuals.
Bournvita 50% Less Sugar,"Malted Barley, Wheat Flour, Cocoa Powder",Reduced Sugar,Vegetable Fat,Vitamins & Minerals,"Milk, Gluten, Soy",Lower sugar than regular variant. Still has calories and carbs. Better for sugar-conscious users but not sugar-free.
Bournvita Lil Champs,"Malted Barley, Wheat Flour, Milk Solids",Sugar,Vegetable Fat,"Vitamins, DHA, Minerals","Milk, Gluten, Soy",Formulated for ages 2–5. Supports growth and brain development. High sugar may impact dental health with overuse.
Bournvita Strong Bones,"Malted Barley, Cocoa Powder",Sugar,Vegetable Fat,"High Calcium, Vitamin D, Magnesium","Milk, Gluten, Soy","Bone health focused. Fortified with extra calcium. Still contains sugar, not suitable for those with calcium overdose concerns."
Boost,"Malted Barley, Wheat Flour, Cocoa Powder",Sugar,Vegetable Fat,Vitamins & Minerals,"Milk, Gluten, Soy",Energy drink targeted at youth. High sugar content. Contains performance-support claims. May cause hyperactivity if overconsumed.
Boost+ Protein,"Malted Barley, Cocoa, Milk Solids",Reduced Sugar,Vegetable Fat,"Added Protein, Vitamins","Milk, Gluten, Soy","Protein-rich version of Boost. Lower sugar than classic. Better for post-exercise use, still sweetened."
Horlicks Classic,"Malted Barley, Wheat Flour, Milk Solids",Sugar,None,"27 Nutrients (Iron, Calcium, Vit D)","Milk, Gluten, Soy",Traditional family drink. High carbs and sugar. Supports general wellness but not ideal for diabetics.
Horlicks Women’s Plus,"Malted Barley, Wheat Flour, Milk Solids",Sugar,None,"Calcium, Iron, Vitamin D","Milk, Gluten, Soy",Formulated for women's bone and blood health. Fortified with micronutrients. Sugar level remains moderate.
Horlicks Junior (Stage 1 & 2),"Wheat Flour, Malted Barley, Milk Solids",Sugar,None,Brain & Growth Nutrients,"Milk, Gluten, Soy","Designed for toddlers and kids. High in sugar. Supports early growth, may cause satiety issues in large doses."
Horlicks Mother’s Plus,"Malted Barley, Wheat Flour, Milk Solids",Sugar,None,Pregnancy & Lactation Nutrients,"Milk, Gluten, Soy",Formulated for pregnant & lactating women. Contains DHA and protein. Still sugary and calorie dense.
Horlicks Growth Plus,"Whey Protein, Casein, Malt Extract",Sugar,None,Height & Weight Nutrients,"Milk, Gluten, Soy",Helps underweight children. High protein and calories. Not suitable for normal-weight kids due to overnutrition risk.
Horlicks Lite,"Malted Barley, Wheat Flour",Sugar-Free,None,"Vitamins, Iron, Protein","Milk, Gluten, Soy","No added sugar or fat. Suitable for adults and diabetics. Bland in taste, less creamy."
Horlicks Protein Plus,"Whey, Soy, Casein Proteins",Sugar-Free,None,High Protein Blend,"Milk, Gluten, Soy",Adult supplement focused on protein. Good for muscle maintenance. Not meant for children.
Horlicks Diabetes Plus,"Wheat, Oats, High Fiber Blend",No Added Sugar,None,Low GI Nutrients,"Milk, Gluten, Soy",Formulated for diabetic users. Helps manage blood sugar. Not suitable for children.
Complan Royale Chocolate,"Milk Solids, Malted Barley, Cocoa Powder",Sugar,None,Vitamins & Minerals,"Milk, Gluten, Nuts, Soy",Rich taste and high calories. Marketed for 2x faster growth. May not suit lactose-intolerant or nut-allergic users.
Complan Classic Kesar Badam,"Milk Solids, Malted Barley, Saffron, Almond",Sugar,None,Vitamins & Minerals,"Milk, Gluten, Almond, Soy",Festive flavor. Nutrient-rich but sugary and fatty. Avoid if nut allergic.
Complan Pista Badam,"Milk Solids, Malted Barley, Pistachio",Sugar,None,Vitamins & Minerals,"Milk, Gluten, Pistachio, Soy",Rare nut variant. Creamy and sweet. Best used occasionally due to fat/sugar.
Complan Creamy Classic,"Milk Solids, Malted Barley",Sugar,None,Vitamins & Minerals,"Milk, Gluten, Soy",Simple vanilla taste. High in protein and nutrients. Still rich in sugar.
Pediasure Vanilla Delight,"Milk Solids, Maltodextrin, Soy Protein",Sugar,Vegetable Oil,Vitamins & Minerals,"Milk, Soy, Gluten","For kids with poor appetite. High in calories, fat, and sugar. Should not replace meals entirely."
Pediasure Chocolate,"Milk Solids, Maltodextrin, Cocoa",Sugar,Vegetable Oil,Vitamins & Minerals,"Milk, Soy, Gluten",Tastes good and promotes growth. May lead to reduced intake of solid food if overused.
Pediasure Premium Cookies & Cream,"Milk Solids, Soy, Cocoa Flavors",Sugar,Vegetable Oil,Vitamins & Minerals,"Milk, Soy, Gluten",Dessert-style drink; very sweet. Only for underweight children as advised.
Pediasure 7+ Vanilla/Mango,"Milk Solids, Soy Protein",Sugar,Vegetable Oil,"Protein, Vitamins, Calcium","Milk, Soy, Gluten",Formulated for older kids (7–14). Growth-focused but sweet. Not suitable for low-sugar diets.
Dabur Lal Tail,Herbal Oil Blend,N/A,Sesame Oil,Base Ayurvedic oils,Sesame allergy possible,Traditional massage oil for babies and adults. Good for bone strength and joint pain relief. Not for consumption. Strong herbal scent may not suit all.
Dabur Honey,Pure Honey,Natural Sugars,None,None,Honey allergy possible,Natural sweetener rich in antioxidants. Not suitable for infants under 1 year. High glycemic index—consume in moderation.
Dabur Honey with Giloy,"Honey, Giloy Extract",Natural Sugars,None,Herbal Extracts,Honey allergy possible,Combines immunity-boosting giloy with honey. Slight herbal aftertaste. Still high in sugar—unsuitable for diabetics.
Dabur Honitus Cough Syrup,"Honey, Tulsi, Mulethi, Giloy",Natural Sugars,None,Herbal Extracts,Honey allergy possible,Mild and effective for sore throat and cough. Alcohol-free. Should not be given to infants under 1 year due to honey content.
Dabur Chyawanprash,"Amla, 40+ Ayurvedic Herbs","Jaggery, Sugar",None,"Herbal Spices, Natural Flavors","Amla (rare), Possible digestive sensitivity",Supports immunity and respiratory health. Sweet and spicy flavor. May trigger acid reflux in sensitive users.
Dabur Chyawanprash Sugar-Free,"Amla, 40+ Herbs",Sugar alcohols or alternative sweeteners,None,"Herbal Spices, Natural Flavors",May contain traces of nuts or gluten,Low-sugar alternative for diabetics. Slightly bitter taste. Still calorie-dense due to herbal content.
Dabur Honey Lemon & Ginger,"Honey, Lemon Extract, Ginger Extract",Natural Sugars,None,"Ginger, Lemon Oils",Honey allergy possible,"Tangy, warming flavor profile. Good for colds and digestion. High in natural sugars—portion control recommended."
Dabur Herbal Green Tea (Giloy Tulsi),"Green Tea Leaves, Giloy, Tulsi",N/A,None,"Herbs, Green Tea Extracts","Low Caffeine, Herbal Reactivity possible",Mildly bitter. Helps in detox and immunity. May not suit those sensitive to strong herbs or caffeine.
Dabur Aloe Vera Juice with Honey,"Aloe Vera Pulp, Honey",Natural Sugars,None,"Fruit Pulp, Herbal Extracts",Possible pollen or plant allergy,Soothing for digestion and skin health. High in natural sugars. Use in moderation for daily wellness.
Amul Taaza Toned Milk,Cow Milk,N/A,Dairy Fat (3%),None,Dairy-allergy possible,Toned for daily use. Balanced fat and taste. Not suitable for lactose-intolerant individuals.
Amul Gold Full Cream Milk,Cow Milk,N/A,Dairy Fat (6%),None,Dairy-allergy possible,"High-fat creamy milk. Ideal for tea, sweets, and children. High in calories—use moderately."
Amul Slim n Trim Double Toned Milk,Cow Milk,N/A,Dairy Fat (1.5%),None,Dairy-allergy possible,"Low-fat milk; suitable for calorie-conscious users. Thin texture, may not taste creamy."
Amul Shakti Standardized Milk,Cow Milk,N/A,Dairy Fat (4.5%),None,Dairy-allergy possible,Richer than toned milk. Ideal for households and cooking. Balanced taste and fat.
Amul UHT Taaza Toned Milk,UHT Treated Cow Milk,N/A,Dairy Fat (3%),None,Dairy-allergy possible,Long shelf-life (180 days). Slightly different taste than fresh milk. Good for travel or backup.
Amul UHT Slim n Trim Milk,UHT Treated Cow Milk,N/A,Dairy Fat (1%),None,Dairy-allergy possible,Low-fat UHT milk with long shelf-life. Best for diabetics or low-fat diets. Lacks creamy flavor.
Amul UHT Gold Full Cream Milk,UHT Treated Cow Milk,N/A,Dairy Fat (6%),None,Dairy-allergy possible,Shelf-stable full cream option. Ideal for tea or desserts. High calorie and creamy.
Amul Camel Milk,Camel Milk,Natural Sugar (Lactose),None,Natural Minerals,Dairy-allergy possible,"Low-fat, low-lactose alternative. Suitable for some lactose-sensitive people. Slightly salty taste."
Amul Buffalo Milk,Buffalo Milk,N/A,Dairy Fat (6.5%),None,Dairy-allergy possible,Richer and creamier than cow milk. Ideal for paneer and ghee. High fat—consume carefully.
Amul Cow Milk (Fresh),Cow Milk,N/A,Dairy Fat (3.5%),None,Dairy-allergy possible,Lighter and mildly sweet. Easier to digest than buffalo milk. Balanced for daily use.
Amul Pasteurized Butter,"Cream, Salt",N/A,Dairy Fat (80%),None,Dairy-allergy possible,Classic salty butter; widely used in Indian households. Rich flavor; high in saturated fat—use in moderation.
Amul Unsalted Butter,Cream,N/A,Dairy Fat (80%),None,Dairy-allergy possible,Ideal for baking and recipes needing neutral flavor. Same fat as salted version—watch cholesterol intake.
Amul Garlic & Herbs Butter,"Cream, Salt, Garlic, Herbs",N/A,"Dairy Fat, Spices","Herbs, Garlic",Dairy-allergy possible,Flavored butter; good for bread and pasta. Savory and aromatic. High fat—consume in small amounts.
Amul Buttery Spread (Lite),"Cream, Skimmed Milk, Edible Oil",N/A,Mixed Fat (Milk + Vegetable),Emulsifiers,"Dairy-allergy, Soy possible",Lighter than regular butter; lower saturated fat. Easy to spread even when cold. Contains additives.
Amul Butter Tub (Spreadable),"Cream, Salt",N/A,Dairy Fat + Emulsifiers,Emulsifiers,Dairy-allergy possible,Convenient for direct use from fridge. Same fat content as regular butter—taste and nutrition remain.
Amul Processed Cheese Block,"Pasteurized Milk, Salt, Citric Acid",N/A,"Dairy Fat, Emulsifiers",None,Dairy-allergy possible,"Semi-hard cheese; good for grating, cooking, and sandwiches. Melts well. High in sodium and saturated fat."
Amul Cheese Slices,"Pasteurized Milk, Salt, Emulsifiers",N/A,"Dairy Fat, Emulsifiers",None,Dairy-allergy possible,Convenient individually wrapped slices. Great for burgers and sandwiches. High in salt and processed content.
Amul Cheese Spread (Plain),"Pasteurized Milk, Whey, Salt",N/A,"Dairy Fat, Emulsifiers",None,Dairy-allergy possible,Soft and spreadable; mild taste. Easy for toast/snacks. Less protein than solid cheese.
Amul Cheese Spread (Spicy Garlic),"Pasteurized Milk, Garlic, Salt",N/A,"Dairy Fat, Spices",None,Dairy-allergy possible,Flavored spread with strong garlic taste. Suitable for savory dishes. High in sodium and additives.
Amul Cheese Cubes,"Pasteurized Milk, Salt, Citric Acid",N/A,"Dairy Fat, Emulsifiers",None,Dairy-allergy possible,Bite-sized cubes for snacking and tiffins. Same as block cheese nutritionally. Watch portion size due to salt.
Amul Mozzarella Cheese,"Pasteurized Milk, Citric Acid",N/A,Dairy Fat,None,Dairy-allergy possible,Stretchy cheese ideal for pizzas. Needs refrigeration and proper melting. Low salt but high fat.
Amul Pizza Cheese Blend,Mozzarella + Cheddar Blend,N/A,Dairy Fat,None,Dairy-allergy possible,Melts and browns well; perfect for pizzas and bakes. Full fat—consume moderately.
Amul Emmental Cheese,"Pasteurized Milk, Salt, Cultures",N/A,Dairy Fat,None,Dairy-allergy possible,"Nutty, mildly tangy cheese with holes. Imported-style flavor. Higher price; gourmet use."
Amul Gouda Cheese,"Pasteurized Milk, Cultures, Salt",N/A,Dairy Fat,None,Dairy-allergy possible,Semi-hard aged cheese; smooth and mild. Ideal for platters and cooking. Full-fat—use in moderation.
Amul Fresh Paneer,"Pasteurized Milk, Citric Acid",N/A,Dairy Protein,None,Dairy-allergy possible,Soft and moist texture; ideal for curries and snacks. Rich in protein and calcium. Short shelf life—needs refrigeration.
Amul Malai Paneer,"Pasteurized Milk, Citric Acid, Cream",N/A,"Dairy Protein, Milk Fat",None,Dairy-allergy possible,Creamier and softer than regular paneer. Better for rich gravies and tikkas. Higher fat content—consume in moderation.
Amul Frozen Paneer,"Pasteurized Milk, Citric Acid",N/A,Dairy Protein,None,Dairy-allergy possible,Comes in frozen blocks; longer shelf life. Needs thawing before use. Texture may be firmer than fresh paneer.
Amul Diced Paneer Cubes,"Pasteurized Milk, Citric Acid",N/A,Dairy Protein,None,Dairy-allergy possible,Pre-cut cubes for convenience. Good for quick use in salads and curries. Same nutrition as regular paneer.
Amul Paneer Tikka Pack,"Marinated Paneer Cubes, Spices",N/A,"Dairy Protein, Spices","Spices, Dairy",Dairy-allergy possible,Ready-to-cook marinated paneer. Spicy and flavorful. Suitable for grilling or baking—high sodium.
Amul Pure Ghee,Cow/Buffalo Milk Fat,N/A,Ghee Fat,None,Dairy-allergy possible,Traditional desi ghee; rich aroma and flavor. Ideal for cooking and sweets. High in saturated fat—use moderately.
Amul Cow Ghee,Cow Milk Fat,N/A,Ghee Fat,None,Dairy-allergy possible,Lighter yellow color and aroma. Considered easier to digest than buffalo ghee. Suitable for daily use in small quantities.
Amul Buffalo Ghee,Buffalo Milk Fat,N/A,Ghee Fat,None,Dairy-allergy possible,Thicker and richer than cow ghee. High fat content; good for deep frying. Not ideal for regular consumption.
Amul Ghee Tin (15kg),Cow/Buffalo Milk Fat,N/A,Ghee Fat,None,Dairy-allergy possible,Bulk packaging for hotels and events. Same nutrition as standard ghee. Meant for commercial use.
Amul Ghee Pouch/Cup (Single-Serve),Cow/Buffalo Milk Fat,N/A,Ghee Fat,None,Dairy-allergy possible,"Convenient portion packs. Ideal for travel, temples, or prasad. Single-use format limits waste."
Amul Shrikhand (Elaichi),"Curd, Sugar, Cardamom",Sugar,None,Cardamom,Dairy-allergy possible,Sweet and aromatic; traditional flavor. High in sugar and fat. Best enjoyed occasionally as dessert.
Amul Shrikhand (Kesar),"Curd, Sugar, Saffron",Sugar,None,Saffron,Dairy-allergy possible,Delicate and festive taste. Rich in calories and sugar. Ideal for special meals or festivals.
Amul Shrikhand (Mango),"Curd, Sugar, Mango Pulp",Sugar,None,Mango,Dairy-allergy possible,Fruity and creamy; kids’ favorite. High in natural and added sugars. Should be consumed in moderation.
Amul Shrikhand (Badam Pista),"Curd, Sugar, Almonds, Pistachios",Sugar,None,Nuts,Dairy and nut-allergy possible,"Rich and nutty variant; crunchy texture. High in fat and calories—suitable as a treat, not daily."
Amul Shrikhand Cup (Assorted Flavors),"Curd, Sugar, Flavoring",Sugar,None,Varies by flavor,Dairy-allergy possible,Single-serve shrikhand; convenient and tasty. Calorific and sugary—ideal for occasional use.
"Amul Kool Flavoured Milk (Kesar, Elaichi, Rose, Chocolate)","Milk, Sugar, Flavouring",Sugar,"Dairy Fat, Stabilizers",Flavouring Agents,Dairy-allergy possible,Sweet and chilled drink; good as a treat. High in sugar. Not suitable for lactose-intolerant individuals.
Amul Kool Café (Cold Coffee),"Milk, Sugar, Coffee",Sugar,"Dairy Fat, Coffee","Caffeine, Dairy",Dairy-allergy possible,Mild cold coffee flavor. Contains caffeine. Not recommended for kids or caffeine-sensitive individuals.
"Amul Kool Milk Shake (Strawberry, Mango, Chocolate)","Milk, Sugar, Fruit/Flavour",Sugar,"Dairy Fat, Fruit Pulp","Flavouring, Dairy",Dairy-allergy possible,Thick and creamy; appealing to kids. High in sugar and calories—consume occasionally.
Amul Kool Lassi (Sweet),"Curd, Sugar",Sugar,None,None,Dairy-allergy possible,Cooling probiotic drink. Good for digestion. High in sugar—best in moderation.
Amul Kool Lassi (Masala),"Curd, Salt, Spices",N/A,None,"Spices, Salt",Dairy-allergy possible,Savory variant; low sugar. Refreshing and good in summer. High in sodium—avoid overuse.
Amul Kool Thandai,"Milk, Sugar, Spices (Saffron, Almonds)",Sugar,"Dairy Fat, Nuts","Spices, Nuts",Dairy and nut-allergy possible,Traditional festive drink. Rich and aromatic. High in fat and sugar—consume as dessert beverage.
Amul Kool Koko (Hot Chocolate),"Milk, Sugar, Cocoa",Sugar,"Dairy Fat, Cocoa","Cocoa, Dairy",Dairy-allergy possible,Warm and comforting chocolate drink. High in calories and sugar. Not suitable for daily consumption.
"Amul Tru Fruit Beverages (Mango, Apple, Litchi)","Fruit Juice, Sugar",Sugar,None,"Flavouring, Fruit Allergens",Possible fruit allergy,Fruit-based drinks; sweet and refreshing. Not 100% juice—contains added sugar and flavor. Best consumed cold and occasionally.
Amul Energy Drink – Stamina,"Milk Solids, Sugar, Cocoa, Taurine",Sugar,"Dairy Fat, Caffeine, Additives","Caffeine, Dairy",Dairy-allergy possible,Caffeinated milk-based energy drink. Contains taurine and vitamins. Not recommended for children or at bedtime.
Wagh Bakri Premium Leaf Tea,100% black tea leaves,N/A,None,None,Black-tea allergy possible,"Smooth, strong, everyday brew. Popular in Gujarat and across India. Good for weight management. May be too astringent for delicate palates. :contentReference[oaicite:1]{index=1}"
Wagh Bakri Dust Tea,Crushed tea dust,N/A,None,None,Dust particles inhalation possible,Intensely strong with deep color and bold flavor. Ideal for quick strong chai. Higher caffeine—avoid late evening. :contentReference[oaicite:2]{index=2}
Wagh Bakri Fanning Tea,Mix of leaf and dust,N/A,None,None,Dust inhalation possible,Balance of strength and flavor; better cuppage. Good for milk chai. Slightly bitter for mild tea drinkers. :contentReference[oaicite:3]{index=3}
Wagh Bakri Premium Spiced Tea,Black tea + 7-spice masala,N/A,Spices blend,None,Dust and spice inhalation possible,Warming and flavorful masala blend. Convenient but may taste flat compared to fresh spices. Not for those with spice sensitivity. :contentReference[oaicite:4]{index=4}
Wagh Bakri Instant Express Tea,"Premix (tea, milk solids, sugar)",N/A,"Dairy solids, Sugar",None,Dairy or lactose allergy possible,Quick homestyle chai taste. Convenient travel option. Contains sugar—unsuitable for sugar-free diets. :contentReference[oaicite:5]{index=5}
Wagh Bakri Instant Saffron Tea,Premix + saffron,N/A,"Dairy solids, Sugar, Saffron",None,Dairy or saffron allergy possible,Fragrant saffron chai; indulgent travel brew. Slightly costly; still sweet and dairy-based. :contentReference[oaicite:6]{index=6}
Wagh Bakri Instant Masala Tea,Premix + masala,N/A,"Dairy solids, Sugar, Spice blend",None,Dairy or spice allergy possible,Masala-flavored instant chai. Good spice hit but pre-mixed—may lack punch of fresh spices. Too sweet for some. :contentReference[oaicite:7]{index=7}
Wagh Bakri Instant Elaichi Tea,Premix + cardamom,N/A,"Dairy solids, Sugar, Cardamom flavor",None,Dairy or spice allergy possible,Well-balanced cardamom flavor with milky sweetness. Highly rated for aroma; may be too sweet for light sugar users. :contentReference[oaicite:8]{index=8}
Wagh Bakri Instant Ginger Tea,Premix + ginger,N/A,"Dairy solids, Sugar, Ginger flavor",None,Dairy or ginger allergy possible,Zingy ginger flavor; lacks freshness of fresh ginger. Sweet and peppery—may not suit all tastes. :contentReference[oaicite:9]{index=9}
